,value,precip,windmax,windmaxdir,rhhi,temphi,templo,avgtemp
value,1.0,0.21407337947296826,-0.16484891751322675,-0.0442371350293318,0.08967600683477193,0.18890968005776265,0.2175508365532714,0.20498524343976213
precip,0.21407337947296826,1.0,0.07753379276868236,0.16997590218408634,0.5751546099114497,0.2002494306828622,0.3515245458575468,0.2779536223477232
windmax,-0.16484891751322675,0.07753379276868236,1.0,-0.07769220936466202,-0.25067764125829484,-0.07806379608593873,-0.06389867393827839,-0.07166826038972919
windmaxdir,-0.0442371350293318,0.16997590218408634,-0.07769220936466202,1.0,0.3077799864086616,0.15275868413719415,0.2256426775341586,0.19071809581136132
rhhi,0.08967600683477193,0.5751546099114497,-0.25067764125829484,0.3077799864086616,1.0,0.336185211221493,0.49046521005238486,0.41665202511486554
temphi,0.18890968005776265,0.2002494306828622,-0.07806379608593873,0.15275868413719415,0.336185211221493,1.0,0.963971843586465,0.9910581197135866
templo,0.2175508365532714,0.3515245458575468,-0.06389867393827839,0.2256426775341586,0.49046521005238486,0.963971843586465,1.0,0.9908452330867388
avgtemp,0.20498524343976213,0.2779536223477232,-0.07166826038972919,0.19071809581136132,0.41665202511486554,0.9910581197135866,0.9908452330867388,1.0
